polarity,date,user,text
1,Mon Apr 06 22:19:45 PDT 2009,_TheSpecialOne_,"@switchfoot http://twitpic.com/2y1zl - Awww, that's a bummer.  You shoulda got David Carr of Third Day to do it. ;D"
1,Mon Apr 06 22:19:49 PDT 2009,scotthamilton,is upset that he can't update his Facebook by texting it... and might cry as a result  School today also. Blah!
1,Mon Apr 06 22:19:53 PDT 2009,mattycus,@Kenichan I dived many times for the ball. Managed to save 50%  The rest go out of bounds
1,Mon Apr 06 22:19:57 PDT 2009,ElleCTF,my whole body feels itchy and like its on fire 
1,Mon Apr 06 22:19:57 PDT 2009,Karoli,"@nationwideclass no, it's not behaving at all. i'm mad. why am i here? because I can't see you all over there. "
1,Mon Apr 06 22:20:00 PDT 2009,joy_wolf,@Kwesidei not the whole crew 
1,Mon Apr 06 22:20:03 PDT 2009,mybirch,Need a hug 
1,Mon Apr 06 22:20:03 PDT 2009,coZZ,"@LOLTrish hey  long time no see! Yes.. Rains a bit ,only a bit  LOL , I'm fine thanks , how's you ?"
1,Mon Apr 06 22:20:05 PDT 2009,2Hood4Hollywood,@Tatiana_K nope they didn't have it 
1,Mon Apr 06 22:20:09 PDT 2009,mimismo,@twittera que me muera ? 
1,Mon Apr 06 22:20:16 PDT 2009,erinx3leannexo,spring break in plain city... it's snowing 
1,Mon Apr 06 22:20:17 PDT 2009,pardonlauren,I just re-pierced my ears 
1,Mon Apr 06 22:20:19 PDT 2009,TLeC,@caregiving I couldn't bear to watch it.  And I thought the UA loss was embarrassing . . . . .
1,Mon Apr 06 22:20:19 PDT 2009,robrobbierobert,"@octolinz16 It it counts, idk why I did either. you never talk to me anymore "
1,Mon Apr 06 22:20:20 PDT 2009,bayofwolves,"@smarrison i would've been the first, but i didn't have a gun.    not really though, zac snyder's just a doucheclown."
1,Mon Apr 06 22:20:20 PDT 2009,HairByJess,@iamjazzyfizzle I wish I got to watch it with you!! I miss you and @iamlilnicki  how was the premiere?!
1,Mon Apr 06 22:20:22 PDT 2009,lovesongwriter,Hollis' death scene will hurt me severely to watch on film  wry is directors cut not out now?
1,Mon Apr 06 22:20:25 PDT 2009,armotley,about to file taxes 
1,Mon Apr 06 22:20:31 PDT 2009,starkissed,@LettyA ahh ive always wanted to see rent  love the soundtrack!!
1,Mon Apr 06 22:20:34 PDT 2009,gi_gi_bee,@FakerPattyPattz Oh dear. Were you drinking out of the forgotten table drinks? 
1,Mon Apr 06 22:20:37 PDT 2009,quanvu,@alydesigns i was out most of the day so didn't get much done 
1,Mon Apr 06 22:20:38 PDT 2009,swinspeedx,"one of my friend called me, and asked to meet with her at Mid Valley today...but i've no time *sigh* "
1,Mon Apr 06 22:20:40 PDT 2009,cooliodoc,@angry_barista I baked you a cake but I ated it 
1,Mon Apr 06 22:20:40 PDT 2009,viJILLante,this week is not going as i had hoped 
1,Mon Apr 06 22:20:41 PDT 2009,Ljelli3166,blagh class at 8 tomorrow 
1,Mon Apr 06 22:20:44 PDT 2009,ChicagoCubbie,I hate when I have to call and wake people up 
1,Mon Apr 06 22:20:50 PDT 2009,KatieAngell,Just going to cry myself to sleep after watching Marley and Me.  
1,Mon Apr 06 22:20:52 PDT 2009,gagoo,im sad now  Miss.Lilly
1,Mon Apr 06 22:20:56 PDT 2009,abel209,ooooh.... LOL  that leslie.... and ok I won't do it again so leslie won't  get mad again 
1,Mon Apr 06 22:21:04 PDT 2009,BaptisteTheFool,Meh... Almost Lover is the exception... this track gets me depressed every time. 
1,Mon Apr 06 22:21:07 PDT 2009,fatkat309,some1 hacked my account on aim  now i have to make a new one
1,Mon Apr 06 22:21:07 PDT 2009,EmCDL,@alielayus I want to go to promote GEAR AND GROOVE but unfornately no ride there  I may b going to the one in Anaheim in May though
1,Mon Apr 06 22:21:09 PDT 2009,merisssa,thought sleeping in was an option tomorrow but realizing that it now is not. evaluations in the morning and work in the afternoon! 
1,Mon Apr 06 22:21:11 PDT 2009,Pbearfox,@julieebaby awe i love you too!!!! 1 am here  i miss you
1,Mon Apr 06 22:21:21 PDT 2009,jsoo,@HumpNinja I cry my asian eyes to sleep at night 
1,Mon Apr 06 22:21:20 PDT 2009,scarletletterm,ok I'm sick and spent an hour sitting in the shower cause I was too sick to stand and held back the puke like a champ. BED now 
1,Mon Apr 06 22:21:27 PDT 2009,crosland_12,@cocomix04 ill tell ya the story later  not a good day and ill be workin for like three more hours...
1,Mon Apr 06 22:21:30 PDT 2009,ajaxpro,@MissXu sorry! bed time came here (GMT+1)   http://is.gd/fNge
1,Mon Apr 06 22:21:32 PDT 2009,Tmttq86,@fleurylis I don't either. Its depressing. I don't think I even want to know about the kids in suitcases. 
1,Mon Apr 06 22:21:39 PDT 2009,Anthony_Nguyen,Bed. Class 8-12. Work 12-3. Gym 3-5 or 6. Then class 6-10. Another day that's gonna fly by. I miss my girlfriend 
1,Mon Apr 06 22:21:39 PDT 2009,itsanimesh,really don't feel like getting up today... but got to study to for tomorrows practical exam... 
1,Mon Apr 06 22:21:46 PDT 2009,lionslamb,He's the reason for the teardrops on my guitar the only one who has enough of me to break my heart 
1,Mon Apr 06 22:21:49 PDT 2009,kennypham,"Sad, sad, sad. I don't know why but I hate this feeling  I wanna sleep and I still can't!"
1,Mon Apr 06 22:21:53 PDT 2009,DdubsShellBell,@JonathanRKnight Awww I soo wish I was there to see you finally comfortable! Im sad that I missed it 
1,Mon Apr 06 22:21:56 PDT 2009,hpfangirl94,Falling asleep. Just heard about that Tracy girl's body being found. How sad  My heart breaks for that family.
1,Mon Apr 06 22:22:05 PDT 2009,antzpantz,@Viennah Yay! I'm happy for you with your job! But that also means less time for me and you... 
1,Mon Apr 06 22:22:06 PDT 2009,labrt2004,"Just checked my user timeline on my blackberry, it looks like the twanking is still happening  Are ppl still having probs w/ BGs and UIDs?"
1,Mon Apr 06 22:22:07 PDT 2009,IrisJumbe,Oh man...was ironing @jeancjumbe's fave top to wear to a meeting. Burnt it 
1,Mon Apr 06 22:22:13 PDT 2009,peacoats,is strangely sad about LiLo and SamRo breaking up. 
1,Mon Apr 06 22:22:25 PDT 2009,cyantist,@tea oh! i'm so sorry  i didn't think about that before retweeting.
1,Mon Apr 06 22:22:23 PDT 2009,tautao,Broadband plan 'a massive broken promise' http://tinyurl.com/dcuc33 via www.diigo.com/~tautao Still waiting for broadband we are 
1,Mon Apr 06 22:22:24 PDT 2009,voyage2k,"@localtweeps Wow, tons of replies from you, may have to unfollow so I can see my friends' tweets, you're scrolling the feed a lot. "
1,Mon Apr 06 22:22:26 PDT 2009,crzy_cdn_bulas,our duck and chicken are taking wayyy too long to hatch 
1,Mon Apr 06 22:22:30 PDT 2009,justnetgirl,"Put vacation photos online a few yrs ago. PC crashed, and now I forget the name of the site. "
1,Mon Apr 06 22:22:32 PDT 2009,CiaraRenee,I need a hug 
1,Mon Apr 06 22:22:37 PDT 2009,deelau,"@andywana Not sure what they are, only that they are PoS! As much as I want to, I dont think can trade away company assets sorry andy! "
1,Mon Apr 06 22:22:47 PDT 2009,Lindsey0920,@oanhLove I hate when that happens... 
1,Mon Apr 06 22:22:47 PDT 2009,HybridMink,"I have a sad feeling that Dallas is not going to show up  I gotta say though, you'd think more shows would use music from the game. mmm"
1,Mon Apr 06 22:22:49 PDT 2009,gzacher,Ugh....92 degrees tomorrow 
1,Mon Apr 06 22:22:49 PDT 2009,Jenn_L,Where did u move to?  I thought u were already in sd. ?? Hmmm. Random u found me. Glad to hear yer doing well.
1,Mon Apr 06 22:22:52 PDT 2009,xVivaLaJuicyx,"@BatManYNG I miss my ps3, it's out of commission  Wutcha playing? Have you copped 'Blood On The Sand'?"
1,Mon Apr 06 22:22:55 PDT 2009,krbleyle,just leaving the parking lot of work! 
1,Mon Apr 06 22:23:03 PDT 2009,xpika,The Life is cool. But not for Me. 
1,Mon Apr 06 22:23:08 PDT 2009,Henkuyinepu,"Sadly though, I've never gotten to experience the post coitus cigarette before, and now I never will. "
1,Mon Apr 06 22:23:09 PDT 2009,ericg622,I had such a nice day. Too bad the rain comes in tomorrow at 5am 
1,Mon Apr 06 22:23:15 PDT 2009,adri_mane,@Starrbby too bad I won't be around I lost my job and can't even pay my phone bill lmao aw shucks 
1,Mon Apr 06 22:23:23 PDT 2009,a_mariepyt,Damm back to school tomorrow 
1,Mon Apr 06 22:23:28 PDT 2009,playboybacon,"Mo jobs, no money.  how in the hell is min wage here 4 f'n clams an hour?"
1,Mon Apr 06 22:23:28 PDT 2009,leslierosales,@katortiz  Not forever... See you soon!
1,Mon Apr 06 22:23:30 PDT 2009,PresidentSnow,"@Lt_Algonquin agreed, I saw the failwhale allllll day today. "
1,Mon Apr 06 22:23:35 PDT 2009,michrod,@jdarter Oh! Haha... dude I dont really look at em unless someone says HEY I ADDED YOU. Sorry  I'm so terrible at that. I need a pop up!
1,Mon Apr 06 22:23:39 PDT 2009,timmelko,@ninjen I'm sure you're right...    I need to start working out with you and the Nikster... Or Jared at least!
1,Mon Apr 06 22:23:43 PDT 2009,BrookeAmanda,i really hate how people diss my bands!  Trace is clearly NOT ugly!
1,Mon Apr 06 22:23:43 PDT 2009,deelau,"Gym attire today was: Puma singlet, Adidas shorts.......and black business socks and leather shoes  Lucky did not run into any cute girls."
1,Mon Apr 06 22:23:45 PDT 2009,paulseverio,Why won't you show my location?!   http://twitpic.com/2y2es
1,Mon Apr 06 22:25:44 PDT 2009,iv3tte,No picnic  my phone smells like citrus.
1,Mon Apr 06 22:25:44 PDT 2009,fedunska,"@ashleyac My donkey is sensitive about such comments. Nevertheless, he'd (and me'd) be glad to see your mug asap. Charger is still awol. "
1,Mon Apr 06 22:25:45 PDT 2009,MagicalMason,No new csi tonight.  FML
1,Mon Apr 06 22:25:46 PDT 2009,kaelaaa,i think my arms are sore from tennis 
1,Mon Apr 06 22:25:49 PDT 2009,emo_holic,wonders why someone that u like so much can make you so unhappy in a split seccond . depressed . 
1,Mon Apr 06 22:25:52 PDT 2009,thelazyboy,sleep soon... i just hate saying bye and see you tomorrow for the night. 
1,Mon Apr 06 22:25:53 PDT 2009,driveaway2008,"@statravelAU just got ur newsletter, those fares really are unbelievable, shame I already booked and paid for mine "
1,Mon Apr 06 22:25:53 PDT 2009,mscha,missin' the boo 
1,Mon Apr 06 22:25:54 PDT 2009,mike_webster_au,@markhardy1974 Me too  #itm
1,Mon Apr 06 22:25:54 PDT 2009,basiabeans,Damn... I don't have any chalk! MY CHALKBOARD IS USELESS 
1,Mon Apr 06 22:25:56 PDT 2009,calihonda2001,"had a blast at the Getty Villa, but hates that she's had a sore throat all day. It's just getting worse too "
1,Mon Apr 06 22:26:02 PDT 2009,djwayneski,@msdrama hey missed ya at the meeting  sup mama
1,Mon Apr 06 22:26:06 PDT 2009,Ceejison,"My tummy hurts.  I wonder if the hypnosis has anything to do with it? If so, it's working, I get it, STOP SMOKING!!!"
1,Mon Apr 06 22:26:08 PDT 2009,ItsBrigittaYo,why is it always the fat ones?! 
1,Mon Apr 06 22:26:10 PDT 2009,MissLaura317,"@januarycrimson Sorry, babe!!  My fam annoys me too. Thankfully, they're asleep right now. Muahaha. *evil laugh*"
1,Mon Apr 06 22:26:10 PDT 2009,RU_it_girl,@Hollywoodheat I should have paid more attention when we covered photoshop in my webpage design class in undergrad 
1,Mon Apr 06 22:26:14 PDT 2009,viviana09,wednesday my b-day! don't know what 2 do!! 
1,Mon Apr 06 22:26:18 PDT 2009,disneyfan4eva,Poor cameron (the hills) 
1,Mon Apr 06 22:26:21 PDT 2009,RoseMaryK,"pray for me please, the ex is threatening to start sh** at my/our babies 1st Birthday party. what a jerk. and I still have a headache "
1,Mon Apr 06 22:26:22 PDT 2009,perrohunter,"@makeherfamous hmm  , do u really enjoy being with him ? if the problems are too constants u should think things more , find someone ulike"
1,Mon Apr 06 22:26:27 PDT 2009,Dogbook,Strider is a sick little puppy  http://apps.facebook.com/dogbook/profile/view/5248435
1,Mon Apr 06 22:26:28 PDT 2009,natalieantipas,"so rylee,grace...wana go steve's party or not?? SADLY SINCE ITS EASTER I WNT B ABLE 2 DO MUCH  BUT OHH WELL....."
1,Mon Apr 06 22:26:29 PDT 2009,timdonnelly,"hey, I actually won one of my bracket pools! Too bad it wasn't the one for money "
1,Mon Apr 06 22:26:29 PDT 2009,homeworld,"@stark YOU don't follow me, either  and i work for you!"
1,Mon Apr 06 22:26:33 PDT 2009,willy_chaz,A bad nite for the favorite teams: Astros and Spartans lose.  The nite out with T.W. was good.
1,Mon Apr 06 22:26:33 PDT 2009,LeakySpoon, Body Of Missing Northern Calif. Girl Found: Police have found the remains of a missing Northern California girl .. http://tr.im/imji
1,Mon Apr 06 22:26:38 PDT 2009,cityrat59,"@mangaaa I hope they will increase the capacity fast, yesterday was such a pain. Got the fail whale +15 times in 2 hours.... "
1,Mon Apr 06 22:26:42 PDT 2009,kenandise,Behind on my classes for work 
1,Mon Apr 06 22:26:43 PDT 2009,annette414,watching &quot;House&quot; 
1,Mon Apr 06 22:26:45 PDT 2009,blackheartbunny,@kpreyes Remember my bum leg? Strikes back this time its serious 
1,Mon Apr 06 22:26:45 PDT 2009,GetGary,"@paradisej cool, i will. their are all kinds of complaints about this laptop online about overheating, but no recalls "
1,Mon Apr 06 22:26:48 PDT 2009,Dogbook,Emily will be glad when Mommy is done training at her new job. She misses her.  http://apps.facebook.com/dogbook/profile/view/6176014
1,Mon Apr 06 22:26:49 PDT 2009,SimoniNicole,would rather the first party send bad messages than the 3rd party send mixed ones  Sophmore year all over again?
1,Mon Apr 06 22:26:52 PDT 2009,wireandroses,@Henkuyinepu it's overrated 
1,Mon Apr 06 22:26:54 PDT 2009,jess_higley,@marykatherine_q i know! I heard it this afternoon and wondered the same thing. Moscow is so behind the times 
1,Mon Apr 06 22:26:54 PDT 2009,missannabanana,laying in bed with no voice.. 
1,Mon Apr 06 22:26:57 PDT 2009,Zella17,I'm sooo sad!!! they killed off Kutner on House  whyyyyyyyy
1,Mon Apr 06 22:27:00 PDT 2009,polarna10,@jacobsummers Sorry  tell them mea culpa from me and that I really am sorry.
1,Mon Apr 06 22:26:58 PDT 2009,megan_rice,"@Alliana07 it didn't make any sense to me, the suicide thing. I refuse to believe that that is actually what happened. "
1,Mon Apr 06 22:27:02 PDT 2009,ashleyirvin,@salancaster  hope your ok.
1,Mon Apr 06 22:27:08 PDT 2009,eyezup,@mercedesashley Damn! The grind is inspirational and saddening at the same time.  Don't want you to stop cuz I like what u do! Much love
1,Mon Apr 06 22:27:15 PDT 2009,Jonas_Dreamgirl,@HibaNick yeah aw but i know i wudnt stand a chance 
1,Mon Apr 06 22:27:16 PDT 2009,BreannaBonana,ugh. cant sleep. its 1:30am. 
1,Mon Apr 06 22:27:16 PDT 2009,becklyn13,Hanging in Crooners. Wanna sing. Can't. Sucks. 
1,Mon Apr 06 22:27:18 PDT 2009,sonyolmos,@eRRe_sC aaw i miss ya all too.. im leaving to BH tomorrow &quot;morning&quot; i think.. aww i wanna go to the beach w u girls!! 
1,Mon Apr 06 22:27:21 PDT 2009,JenBah,Is pissed off that there's no ASBA's for a radio station. 
1,Mon Apr 06 22:27:22 PDT 2009,viviana09,wednesday my b-day n don't know what 2 do!  
1,Mon Apr 06 22:27:25 PDT 2009,BustaBusta,I know my life has been flipped upside down when I just thought in my head that some Ramen sounds good. 
1,Mon Apr 06 22:27:31 PDT 2009,MadameCrow,I am in pain. My back and sides hurt. Not to mention crying is made of fail. 
1,Mon Apr 06 22:27:34 PDT 2009,weefranniev,"Late night snack, glass of OJ b/c I'm &quot;down with the sickness&quot;, then back to sleep...ugh I hate getting sick... "
1,Mon Apr 06 22:27:35 PDT 2009,ikimmyy,@allyheman but.. but.. but.. I'm not a big fan on camilla belle 
1,Mon Apr 06 22:27:45 PDT 2009,yolie81,"@grum WAH I can't see clip, must be el-stupido work filters. Can't wait 'till I get a 'puter. Something else 2 blame ex 4. He broke mine "
1,Mon Apr 06 22:27:45 PDT 2009,spacks,This week just seems to get longer and longer in terms of how much I need to do.. and how much I'm actually going to get done 
1,Mon Apr 06 22:27:55 PDT 2009,bgoers,I'm so cold 
1,Mon Apr 06 22:27:56 PDT 2009,MissPassion,@thecoolestout Ehhh don't. Weather's gonna take a turn for the ugly tomorrow 
1,Mon Apr 06 22:27:56 PDT 2009,aaronrothe,@chelserlynn haha its so cooooold in the d! and no  but you should still go to the show. they do some incredible stuff
1,Mon Apr 06 22:27:57 PDT 2009,ilikeoreos,Hoping the tummy rumbles go away soon 
1,Mon Apr 06 22:28:02 PDT 2009,wiccabuffy,"@Knights_ No, no notice. They told me I'd be working tomorrow, and then I called the agency to follow up and they said it was over. "
1,Mon Apr 06 22:28:03 PDT 2009,HiKeri,almost bedtime 
1,Mon Apr 06 22:28:04 PDT 2009,bnr0201,I'm missing you babe..  but as long as your alive I'm happy.. Yawwwnn.. I'm tired my love imma try to sleep hopefully you had a headstart
1,Mon Apr 06 22:28:05 PDT 2009,R_Boucher,Agh...snow!!! 
1,Mon Apr 06 22:28:07 PDT 2009,josiahmcdermott,i miss kenny powers 
1,Mon Apr 06 22:28:09 PDT 2009,VanessaSingline,"@BridgetsBeaches Thank you for letting people know, but now I'm sad that the direct message I got wasn't actually from Bridget "
1,Mon Apr 06 22:28:11 PDT 2009,varunkumar,"...and, India missed out its 100th Test victory n 10th consecutive win without a loss. "
1,Mon Apr 06 22:28:11 PDT 2009,JenniOnTheBlock,@JonathanRKnight I guess that's a no then. 
1,Mon Apr 06 22:28:15 PDT 2009,darkninja757,sadly is going to bed. 
1,Mon Apr 06 22:28:18 PDT 2009,mikecogh,@ozesteph1992 Shame to hear this Stephan 
1,Mon Apr 06 22:28:21 PDT 2009,KandiConnection,@mrsaintnick hey! i'm leavin in the morning... 
1,Mon Apr 06 22:28:23 PDT 2009,joechummer,"Was intending to finish editing my 536-page novel manuscript tonight, but that will probably not happen. And only 12 pages are left "
1,Mon Apr 06 22:28:24 PDT 2009,kellireneez,laid around too much today... now my head hurts 
1,Mon Apr 06 22:28:24 PDT 2009,treehugger25,@twista202 I still haven't read the 9th&amp;10th Princess diaries  Saving Francesca made me cry at the end. Hmm those are easy books.
1,Mon Apr 06 22:28:26 PDT 2009,chatpataa,my nokia 1110 died..  
1,Mon Apr 06 22:28:26 PDT 2009,ThisStoutjunt,My mom might have breast cancer won't find out anything for. Like a week I'm so worried! 
1,Mon Apr 06 22:28:33 PDT 2009,sew_cute,Going to sleep. Hoping tomorrow is a better day. 
1,Mon Apr 06 22:28:32 PDT 2009,Twokids1,@rumblepurr lol.. wish they understood daylight savings has ended though and breakfast is an hour later  They keep waking the kids up too
1,Mon Apr 06 22:28:32 PDT 2009,AKyarnie,@onemoreproject that is lame 
1,Mon Apr 06 22:28:38 PDT 2009,luimoral85,I don't understand... I really don't 
1,Mon Apr 06 22:28:38 PDT 2009,ceironous,HEROES just isn't doing it for me this season... 
1,Mon Apr 06 22:28:45 PDT 2009,brandonmcb,Living not downtown sure isn't much fun.  
1,Mon Apr 06 22:28:48 PDT 2009,mannyrique,@jonathanchard Not calorie wise   I wish junk food was calorie free! I ate a thing of sour skittles and a big ass cherry coke!
1,Mon Apr 06 22:28:51 PDT 2009,styletrain,Man Work is Hard 
1,Mon Apr 06 22:30:34 PDT 2009,kscud,"getting sick  time for some hot tea, studying, and then sleeeep"
1,Mon Apr 06 22:30:34 PDT 2009,kirstenj0y,Getting eyebrows waxed. More pain 
1,Mon Apr 06 22:30:45 PDT 2009,marculus,No phantasy star yesterday  going to work...
1,Mon Apr 06 22:30:50 PDT 2009,andrewofthediaz,Oh - Just got all my MacHeist 3.0 apps - sweet. Didn't get the Espresso serial no though although they said they sent it - oh well 
1,Mon Apr 06 22:30:54 PDT 2009,dbmendel,Picked Mich St to win it all from the get go.  Was feeling pretty good about that pick all the way up until......tonight.  A's lost too 
1,Mon Apr 06 22:30:55 PDT 2009,erks,is alone downstairs...working 
1,Mon Apr 06 22:30:56 PDT 2009,ringleaderkanon,I feel bad for doing it 
1,Mon Apr 06 22:31:05 PDT 2009,babibabs,"@RyanSeacrest is it just me, or she hates anoop. i mean seriously, she's kinda mean to him. "
1,Mon Apr 06 22:31:09 PDT 2009,ace587,@pinkserendipity yes sprint has 4g only in baltimore and chicago so far 
1,Mon Apr 06 22:31:15 PDT 2009,ktribb80,I'm stuck awake in the middle of the night for the second day in a row. And I felt terrible yesterday. 
1,Mon Apr 06 22:31:18 PDT 2009,OliviaFox,Thanks for bursting my bubble 
1,Mon Apr 06 22:31:29 PDT 2009,IluvJoelMadden,Going to school soon... can't find anything to wear!! gosh it's so hard 
1,Mon Apr 06 22:31:31 PDT 2009,easyausguy,@marieclr I was serious  LOL
1,Mon Apr 06 22:31:37 PDT 2009,Hollywood_Trey,@naughtyhaughty I had on my page for sooooo long!!! Until it got deleted  Sad day in history
1,Mon Apr 06 22:31:35 PDT 2009,EcoTravelTV,Crazy wind today = no birding  http://ff.im/1XTTi
1,Mon Apr 06 22:31:40 PDT 2009,AshaleaMay,currently at work.. 
1,Mon Apr 06 22:31:41 PDT 2009,AthenaA42,Grrr.. my ipods acting weird too! Jai ho and thinking of you aren't playing the full songs.. ughh. 
1,Mon Apr 06 22:31:43 PDT 2009,Missy__,@penndbad send me the DVD cos I have missed out on heaps  NOT happy about that!
1,Mon Apr 06 22:31:45 PDT 2009,BrettFair,i don't see the big deal with this website 
1,Mon Apr 06 22:31:48 PDT 2009,mydwynter,@machineplay I'm so sorry you're having to go through this. Again.  #therapyfail
1,Mon Apr 06 22:31:50 PDT 2009,jhenkens,@ColinDeMar Far too out of the way for rail.  any other tips?
1,Mon Apr 06 22:31:54 PDT 2009,sarah_katie,I'm not still up I swear. Why do I keep losing. gaining. losing. gaining. tweeps?  So heart wrenching.
1,Mon Apr 06 22:31:56 PDT 2009,amanda5280,"Today I realized I am too good at hiding things, even I can't find it "
1,Mon Apr 06 22:31:57 PDT 2009,Shabbybebe,"Staying at a friends house...house sitting, neighbors are SO loud-having a party "
1,Mon Apr 06 22:31:59 PDT 2009,fatkat309,@dannyvegasbaby danny im upset that i wasnt here to watch the live chat  i was in a car. for 3 hours on a trip im soooo upset!!
1,Mon Apr 06 22:32:02 PDT 2009,blackheartbunny,Check out my mug  http://www.erika-obscura.blogspot.com
1,Mon Apr 06 22:32:06 PDT 2009,szrhnds602,Borders closed at 10 
1,Mon Apr 06 22:32:12 PDT 2009,schammy,Downloading NIN's new album &quot;the slip&quot; - when the hell did this come out? I'm so behind the times these days 
1,Mon Apr 06 22:32:16 PDT 2009,mariotani,Just woke up an already have written some e-mail... I've to go early at University today as I have to teach at 8:30 AM! 
1,Mon Apr 06 22:32:20 PDT 2009,Jaderade14,is watching the hill . . .and its making me sad 
1,Mon Apr 06 22:32:22 PDT 2009,LeeseEllen,So many channels.... yet so so boring... lazy day again  may have to find a hobby
1,Mon Apr 06 22:32:23 PDT 2009,FNFKayCee,@supersport I miss my buddy  ill be in NY on the 25th
1,Mon Apr 06 22:32:28 PDT 2009,CaddyStage,@robluketic  love the french. I tell people here in the south i'm qtr. french and they snarl at me.  french are beautiful people
1,Mon Apr 06 22:32:28 PDT 2009,ha_nobita,Opps.. As I said.. I still got one day remain and now problem come 
1,Mon Apr 06 22:32:30 PDT 2009,tchviolin,"I activated my Selfcontrol block early, meaning I can't check out the new QC.  Regularizing my internal clock is might be difficult. #fb"
1,Mon Apr 06 22:32:31 PDT 2009,DreamActivist23,@HillyDoP  oH NO
1,Mon Apr 06 22:32:36 PDT 2009,msbutt3rfly14,spencer is not a good guy. 
1,Mon Apr 06 22:32:35 PDT 2009,Karmatical,"@goodlaura What about Reese dying on #TTSC? And season finale next week.  #24 boring, Madame President is a crazy woman."
1,Mon Apr 06 22:32:38 PDT 2009,Jana1976,"@JonathanRKnight I hate the limited letters,too.Hope you and the guys are fine?I pray for my dog,sheï¿½s not well "
1,Mon Apr 06 22:32:40 PDT 2009,AmyJade,didn't get shit done today ~ i'm so screwed 
1,Mon Apr 06 22:32:50 PDT 2009,tantrixie,wanttss to go out 
1,Mon Apr 06 22:32:51 PDT 2009,supersharayah,Is not going to sleep tonite. 
5,Tue Jun 16 08:30:29 PDT 2009,yumstationery,"@Thyme2dream yes i do think that's great....and i agree, i need to post something Fresssssh.... "
5,Tue Jun 16 08:30:29 PDT 2009,SoozeOr,Sleepy time was goo-ood!  Heading back to my place. The Gnome went to see Dream Theatre - lucky him 
5,Tue Jun 16 08:30:29 PDT 2009,sweetbratz16,12 hours to go.. and then 
5,Tue Jun 16 08:30:29 PDT 2009,TheEdgeOkc,"@shadfar hahaha yeah!  Small dogs = small messes, although he's always been great and never made a mess unless he's sick or something "
5,Tue Jun 16 08:30:30 PDT 2009,rizwaniqbal,@streetanchor  cool
5,Tue Jun 16 08:30:30 PDT 2009,CarolinaSerena,@-emilyosment hope you win!!!Love ya 
5,Tue Jun 16 08:30:30 PDT 2009,nataliefyffe,I totally rocked drunken Rockband! Nothin' better than good friends 
5,Tue Jun 16 08:30:30 PDT 2009,clo_clubland,Drinkin Coke 
5,Tue Jun 16 08:30:30 PDT 2009,imcage,@princessobiegbu yeah! she's so beautiful! 
5,Tue Jun 16 08:30:31 PDT 2009,carlotorniai,Secured my spot on a table close to power ready for the keynote  #semtech2009
5,Tue Jun 16 08:30:31 PDT 2009,kevinkermes,@Jesse just started using www.socialtoo.com - great twool!  Thx for recommending @guykawasaki
5,Tue Jun 16 08:30:31 PDT 2009,pinkiecharm,Sorry for the delay but here are the TWIT-AWAY #4 Winners: @msadams224 &amp; @redheadsrockout.  Send me your mailing info via YT ASAP!  
5,Tue Jun 16 08:30:32 PDT 2009,SamNiley11,@francii_ me too 
5,Tue Jun 16 08:30:32 PDT 2009,AmyRangel,"@Bemale Why don't we switch locations, I'll move to Canada and you can move to extremely hot and muggy South Texas?  "
5,Tue Jun 16 08:30:32 PDT 2009,jennyzzz,@persiankiwi @Change_for_Iran Great to see you guys back. 
5,Tue Jun 16 08:30:32 PDT 2009,dafootballer,@macshare hey is the site down? it wont load for me... also if your still offering that free hosting... thanks 
5,Tue Jun 16 08:30:33 PDT 2009,farahanggun,@dorkscotch hahah ye ye ye nasyid. i pun layan jugaa uuuu 
5,Tue Jun 16 08:30:33 PDT 2009,johnbertr,@chinkchilla there's this brilliant add-on for firefox called &quot;Read Later&quot; makes you tag a site that u can read later. A semi-bookmark. 
5,Tue Jun 16 08:30:33 PDT 2009,Maddy4567,I am hanging out with Kristyn!!!! 
5,Tue Jun 16 08:30:33 PDT 2009,BJNemeth,"@JenaDelk The flattery continues.  Thanks, Jena!"
5,Tue Jun 16 08:30:34 PDT 2009,vincentdidier1,@yourteube  bah de rien 
5,Tue Jun 16 08:30:34 PDT 2009,SmashFit,@mikes1979 Thanks Mike! Should be fun 
5,Tue Jun 16 08:30:34 PDT 2009,Anjosie,@daisyx yah im glad u liked the vid! and im already working on the next..charah-centric of course 
5,Tue Jun 16 08:30:34 PDT 2009,vzen,@niko_santorini Agree with number one (they will water it down) but disagree with second (can't beat banksters). 
5,Tue Jun 16 08:30:34 PDT 2009,ashleyepsen,"So...I JUST GOT LVATT!  #BlackKeys, #MuchBetter, #FlyWithMe, #TurnRight, #WhatDidIDoToYourHeart, #HeyBaby, &amp; #PoisonIvy: FAVORITES! "
5,Tue Jun 16 08:30:35 PDT 2009,lenikaspi,Watching Twilight... again 
5,Tue Jun 16 08:30:35 PDT 2009,Hozzle,just invited some people 
5,Tue Jun 16 08:30:35 PDT 2009,Elphiee,Can youu people leave me some comments pleasee??!! thankyouu 
5,Tue Jun 16 08:30:35 PDT 2009,xLukesterx,@NicciLuvsMollie no problem ;) and awww  I'm sure you'll get lots of amazing pics of her (and them) too lol
5,Tue Jun 16 08:30:35 PDT 2009,LyssaBrooke,@aniszlee thanks 
5,Tue Jun 16 08:30:36 PDT 2009,Kayleigh_Morris,@Elise_Olivia Haha all the nicknames ppl cal me.heyy in NZ im still known as gosip girl...the drama queen n the dumbblonde im 1 of a kind 
5,Tue Jun 16 08:30:32 PDT 2009,3nalicious,@itslauraduggan Lol thats why me and @spunkransomed3 are friends Lol we met on bebo almost a year ago..BFF's since 
5,Tue Jun 16 08:30:36 PDT 2009,maddychambers,i'm a freshman again. learning how to read my schedule. hahah mostly just missing math for @emilyblodgett. 
5,Tue Jun 16 08:30:36 PDT 2009,Adriana_Raven,@absolutspacegrl Doing all 3 dances now! 
5,Tue Jun 16 08:30:36 PDT 2009,joletm,"http://twitpic.com/7jofs - This is with my whole family on June 14th, when we had a familyday! "
5,Tue Jun 16 08:30:36 PDT 2009,PaulaCook,"@giuly_argentina I'm fine! @work, chatting with people and pretending to be working..... "
5,Tue Jun 16 08:30:36 PDT 2009,juliadee,so proud of those boys! #1 on itunes 
5,Tue Jun 16 08:30:36 PDT 2009,ashleydeekeen,listening to #linesvinesandtryingtimes right now 
5,Tue Jun 16 08:30:37 PDT 2009,katie_stanton,@GloPan my mom made that mistake with me in high school; i've been addicted ever since... just a warning... 
5,Tue Jun 16 08:30:37 PDT 2009,keevs33,Cousin* LOL and now 2 more mins 
5,Tue Jun 16 08:30:37 PDT 2009,michaelsally,@jewelss please share how you like it 
5,Tue Jun 16 08:30:37 PDT 2009,heatherzajac,hiking the indian council cave trail today! 
5,Tue Jun 16 08:30:37 PDT 2009,JuliettaLindy,Much Better  LVATT ohhhh yea!
5,Tue Jun 16 08:30:39 PDT 2009,whoisjernie,Watching Law &amp; Order: Criminal Intent and listening to 'Take on Me'. Such a lovely combination 
5,Tue Jun 16 08:30:39 PDT 2009,Septimus1812,@radagast22 It's not the 'nillas I worry about. Tequila squicks me 
5,Tue Jun 16 08:30:39 PDT 2009,_medi_x3,The SUN is shining!! I'm happy. 
5,Tue Jun 16 08:30:40 PDT 2009,hanna_lourenco,@peterfacinelli your brazilian fans are supporting you! 
5,Tue Jun 16 08:30:40 PDT 2009,Fay_H,is off to salsaaaa  then t.reilly !
5,Tue Jun 16 08:30:40 PDT 2009,colourwithme,"@prettykkool Im actually eating animal crackersss and watching will and grace..  ha, WHATS CRACKINN!?"
5,Tue Jun 16 08:30:40 PDT 2009,jhollenbach,@MikeRuocco good luck 
5,Tue Jun 16 08:30:41 PDT 2009,hannahsikes78,Jk! I love you and ur sexy tie dye! 
5,Tue Jun 16 08:30:41 PDT 2009,philippawarr,Hey you - James the electrician is coming over tomorrow about 8am - he says it shouldn't take long 
5,Tue Jun 16 08:30:41 PDT 2009,kenyonknight,"Hmm I dreamed that I woke up in good ol'New Hamp, it must have been sleeping next to a window on a rainy morning "
5,Tue Jun 16 08:30:42 PDT 2009,quinland,"@4_s_m_4 well i just made it back too. Really sorry, i left my phone at home! Lol... I feel so free now though  no more exams! =D x"
5,Tue Jun 16 08:30:42 PDT 2009,Niktus,@MoneyFriend Am I making sense or do you think I am a bit bananas? 
5,Tue Jun 16 08:30:42 PDT 2009,terri513,@CHRIS_Daughtry Sort of Kind of 
5,Tue Jun 16 08:30:42 PDT 2009,lauramccarthy1,@kirsttt7 right now :y in the david lloyd. he is everywere 
5,Tue Jun 16 08:30:42 PDT 2009,Emiaj20,"Go buy the new Jonas Brothers album Lines, Vines and Trying Times NOW its really really good great in fact so GO BUY IT "
5,Tue Jun 16 08:30:43 PDT 2009,bripirates358,waiting for dad  . We watched 'old school' with our germanteacher
5,Tue Jun 16 08:30:43 PDT 2009,MalindaBlueSky,We are all seekers with a goal of JOY~we undo a lifetime of negative conditioning... 
5,Tue Jun 16 08:30:43 PDT 2009,just_chalie,"@Elle_333 @jenfafer midnight showing peoples, y'all better be with me "
5,Tue Jun 16 08:30:44 PDT 2009,dhndimilia,i met lee yong dae and lin dan. hahaha. but i dind't have pictures with them. | KO SUNG HYUN sarangheyo~ 
5,Tue Jun 16 08:30:44 PDT 2009,Liza_L,@JoAnneJoyM hi !!!! Thank you ! I missed my twitter friends 
5,Tue Jun 16 08:30:44 PDT 2009,YRJewelryGal,@KayDesigner Thanks Katherine! Love your site! Go get 'em! 
5,Tue Jun 16 08:30:44 PDT 2009,dmcox,@ItsJustDi I hear ya!!  I am the same way! LOL!  Well Happy Tuesday! 
5,Tue Jun 16 08:30:45 PDT 2009,bluesrocktone,wooohooo new chickenfoot video! 
5,Tue Jun 16 08:30:45 PDT 2009,alytietz,@MurMurss yooou should lemme borrow them 
5,Tue Jun 16 08:30:46 PDT 2009,kickmekate,@tandoori There's a Wolverine and Spiderman one I want  I wish they had a warlock one so I could nub it up some more lol.
5,Tue Jun 16 08:30:46 PDT 2009,McNeny,Sammy Hagar â Mas Tequila  ..take you on a little trip...  â« http://blip.fm/~8bm4l
5,Tue Jun 16 08:30:46 PDT 2009,loyalwolf06,is SO excited for The Fray concert today!!!!!! Also wishing her baby good luck on her interview today 
5,Tue Jun 16 08:30:46 PDT 2009,keithhide,Keep listening - thanks  www.reverbnation.com/keithhide
5,Tue Jun 16 08:30:46 PDT 2009,KirstyLOL,Needs food soo much. Going to watch t.v then shower later on  .
5,Tue Jun 16 08:30:47 PDT 2009,teotarafas,@InesVargas 17&quot;?! Hope you dont plan on traveling with that one... im happy with my 15&quot;. 
5,Tue Jun 16 08:30:48 PDT 2009,Sinershin,having lunch with my BFF!! 
5,Tue Jun 16 08:30:48 PDT 2009,Nelinski_254,#mw2 Click on more from this user.. and rate my other comments.. some good ideas.  Thumbs up to keep this post active
5,Tue Jun 16 08:30:48 PDT 2009,MilanTeh,@brothrsaw The count would lead to shutter death~ Every shutter unit has it's &quot;life span&quot; 
5,Tue Jun 16 08:30:48 PDT 2009,davoloid,@theskink And in car?  On street via Mobile?  Perhaps I'm just jealous 
5,Tue Jun 16 08:30:49 PDT 2009,lalipod,@hadasaguilar loved does not preclude annoying.  But thanks. How's the post grad life going. Pop said you're thinking med school.
5,Tue Jun 16 08:32:36 PDT 2009,Frans_P,@lovecookies inspired by your positive charisma I'm following you 
5,Tue Jun 16 08:32:36 PDT 2009,mystiquejewels,@700stories thanks for sharing. now to couteract! 
5,Tue Jun 16 08:32:36 PDT 2009,gjermis,@lovskogen only hell yeah! I'm ripped 
5,Tue Jun 16 08:32:36 PDT 2009,CoachChic,"@FoxyOxymoron Kim, I'm finally back- from the awful task of moving my office crosstown. Now I owe ya one (for the FF). Thanks! "
5,Tue Jun 16 08:32:36 PDT 2009,LynxChristMusic,"Aight let's get back to fishing   I love all my brothers and sisters (even with flaws,scars,bruises and different temperaments)"
5,Tue Jun 16 08:32:37 PDT 2009,nunu1410,Watching Jimmy Kimmel  He talks too much. Oops...
5,Tue Jun 16 08:32:37 PDT 2009,foreachdev,@elijahmanor tell the masters of CSS they suck and owe me a year supply of Advil 
5,Tue Jun 16 08:32:37 PDT 2009,chloevincent,"@gloomybread aha, thankyou "
5,Tue Jun 16 08:32:37 PDT 2009,aero_hero,"I am sitting here listening to pussy cat dolls, wondering what to cook for dinner gonna sit in garden and sunbathe helps me think honest "
5,Tue Jun 16 08:32:37 PDT 2009,Seikasilly,loves her life pretty much lately. 
5,Tue Jun 16 08:32:37 PDT 2009,Glenn_gnetjet,"@RachelStarrxxx Yes, can see it. "
5,Tue Jun 16 08:32:37 PDT 2009,pianogeek,"Good morning everyone!  And to my fabulous UK friends, Good late-afternoon/early evening   And to everyone in between...well...HI!"
5,Tue Jun 16 08:32:37 PDT 2009,Vikkikidd,@KhloeKardashian i admire my mum most... cheesy i know but she's given up alot for me to have a better life 
5,Tue Jun 16 08:32:37 PDT 2009,ezrabutler,@MichelleFeldman Enjoy the trip! See you when you get back 
5,Tue Jun 16 08:32:38 PDT 2009,chloethelwell,103 Followers!! 
5,Tue Jun 16 08:32:38 PDT 2009,boogymonster,your right... 
5,Tue Jun 16 08:32:38 PDT 2009,DevilwithaSmile,@alexakelly Highlight of my mornings. 
5,Tue Jun 16 08:32:38 PDT 2009,alienvenom,@tuzakey actually the drive failure was in the file server at home.  Lost about 300GB. Site being down is another issue entirely. 
5,Tue Jun 16 08:32:38 PDT 2009,MelissaMcClure,@nicholaslamb Rumor has it that a movie is in the works 
5,Tue Jun 16 08:32:38 PDT 2009,morganleblanc,hitting the links todayyy 
5,Tue Jun 16 08:32:39 PDT 2009,benitezdesign,"@ComputerArts  Kjell Ekhorn, and Jon Forss   are the two members! "
5,Tue Jun 16 08:32:38 PDT 2009,WovenDimensions,@IndyTalk looks like it is working now...thanks 
5,Tue Jun 16 08:32:39 PDT 2009,nisaho,@raihanamcfly hehe now u do! 
5,Tue Jun 16 08:32:40 PDT 2009,SamHyppo,opps actually 2 bestfriends 
5,Tue Jun 16 08:32:40 PDT 2009,PaulHarriott,@hype6477 Good to hear all's cool. I've just sent you a DM hope it'll start to help you 
5,Tue Jun 16 08:32:41 PDT 2009,Samlovestiedye,kings dominion was a freaking blast! tony tyler cody linzy and jordan are the best people! 
5,Tue Jun 16 08:32:41 PDT 2009,thecoffeedesk,"@blum86 most of these come from either real events, or just the worst possible situations I can imagine. But I don't hurt animals  ^MW"
5,Tue Jun 16 08:32:41 PDT 2009,LaurenAshley95,tired... it's raining outside my window  *sigh*
5,Tue Jun 16 08:32:41 PDT 2009,HealthNuggets,"@synergii1 I will check into the links....sorry about that, thanks for the heads up! "
5,Tue Jun 16 08:32:41 PDT 2009,erincarrasco,looks like it's time for lunch on the patio... again ... 
5,Tue Jun 16 08:32:41 PDT 2009,JohnWeston,http://twitpic.com/7jomc - Party invites 
5,Tue Jun 16 08:32:41 PDT 2009,ORangaThang,"@AnushiyaE This is kind of late, but better late than never! THANKS for the kind wishes! "
5,Tue Jun 16 08:32:41 PDT 2009,inuls09,"Decisions decisions! At registration u will have to decide between Twitter, Delicious or Blogging, for the afternoon sessions. Think on "
5,Tue Jun 16 08:32:41 PDT 2009,CokieTheCat,SissyDawnie: @CokieTheCat - Marvelous on 10 cancer-free years!!!!! YAY!! *** Thanks! Yeah. We're all pretty psyched about that! 
5,Tue Jun 16 08:32:42 PDT 2009,kbox_audio,"@ALOliver  ta for the follow!  hope you like your K-box gel audio speaker! Did you know that with a Y adaptor, you can play 2 at once!"
5,Tue Jun 16 08:32:42 PDT 2009,bastos,@asandroq Are you not working anymore? Or sleeping? 
5,Tue Jun 16 08:32:42 PDT 2009,hailey_letang,@seblefebvre can you put boston in your tourdates somewhere? 
5,Tue Jun 16 08:32:42 PDT 2009,stevesgirl,"@mrsbubblehead YEs, I think so.  We got in free w/their Here's to Heros program.  E had a BLAST!!  LOVED the pengiuns &amp; Bay of Play "
5,Tue Jun 16 08:32:42 PDT 2009,ireneagh,@pinkpeony_etsy you have a lovely shop on etsy!  good luck!
5,Tue Jun 16 08:32:43 PDT 2009,shelby_leopard,watching Buffy with my Nana. 
5,Tue Jun 16 08:32:43 PDT 2009,Kelstena,@XanaCaetano eh i already told him the deal. if he follows me i'll follow him. simple as. 
5,Tue Jun 16 08:32:44 PDT 2009,briedelfin,Goodnight air. Goodnight noises everywhere. Goodnight! 
5,Tue Jun 16 08:32:44 PDT 2009,Ritter33,rain is good 
5,Tue Jun 16 08:32:44 PDT 2009,mattchedit,@pennydog Not good! Poss put an old (bent to appropriate shape) wire coathanger in to help protect em? 
5,Tue Jun 16 08:32:44 PDT 2009,LexLutherDC,Wats good my twiggas..just wakin up gttin ready...anotha day anotha dolla $$  $$ I'm Locked In!!
5,Tue Jun 16 08:32:45 PDT 2009,5james5,you're never too old to play in the rain 
5,Tue Jun 16 08:32:45 PDT 2009,asifrehmani,@hwaterman Thanks for the all the advice Heather! It worked 
5,Tue Jun 16 08:32:45 PDT 2009,miss_magenta,"Got back last German exam for this year. 2... which is awesome, btw. "
5,Tue Jun 16 08:32:45 PDT 2009,EveSophie15,@meganhelly i no you love me really 
5,Tue Jun 16 08:32:45 PDT 2009,PascalKuyten,"@roderickvd tnks  University of Tokyo, April 2010, if I manage to get a scholarship"
5,Tue Jun 16 08:32:45 PDT 2009,Mr_Spong,"@indie_eire yeah, i like to wet my whistle now and again "
5,Tue Jun 16 08:32:45 PDT 2009,jtsosnowski,You know there's way too much going on when you're glad it's &quot;only&quot; Tuesday 
5,Tue Jun 16 08:32:45 PDT 2009,Jerome117,when love takes ooooooovvveeee*voice cracks*eeerrrrrrr i love u Kelly! ur getting better! at least there wasnt a backing track this time 
5,Tue Jun 16 08:32:46 PDT 2009,pendulumswings,I just feel like typing gibberish 
5,Tue Jun 16 08:32:46 PDT 2009,RXTLN,"@kikenlitol beach e, full moon party.. thats one thing i want to try there.. and pattaya of course.. "
5,Tue Jun 16 08:32:46 PDT 2009,liaholland,@palinor I'm not really able to condone spending the money for it. I'll probably be in EUG. Love ta see ya 
5,Tue Jun 16 08:32:46 PDT 2009,Magpie_Guy,@MissHKS it was all done with trick photography to make the mug look taller than it really is 
5,Tue Jun 16 08:32:47 PDT 2009,peachtweet,"yesterday,my house smelt like that really cool smell u get at the pool,of the chlorinated water  today it smells like french fries!  lol"
5,Tue Jun 16 08:32:47 PDT 2009,dragosroua,wrote more than 5000 words today and feel pretty much ok. A little drained but satisfied: the book is starting to shape 
5,Tue Jun 16 08:32:47 PDT 2009,friscojr,Dude woke up really early to get my car worked on. Now I'm waiting here @ Carlson Subaru with nothing to do 
5,Tue Jun 16 08:32:47 PDT 2009,ShaneLemmon,goodmorning 
5,Tue Jun 16 08:32:47 PDT 2009,alethiatoh,@jasontancy thanks! 
5,Tue Jun 16 08:32:48 PDT 2009,JConnell,"@theokk don't know what you could possibly mean, dear boy...... "
5,Tue Jun 16 08:32:48 PDT 2009,laname,@DowneyChick me either 
5,Tue Jun 16 08:32:48 PDT 2009,oscarbarber,@perequintana ara sÃ­ que ets tot un &quot;pirata&quot; ;) thepiratebay navegant per Twitter  mola
5,Tue Jun 16 08:32:48 PDT 2009,caitsdizinno,"@jonah_bailey we = berkeley roommates. we'll even have a guest room...ya know, in case those crazy Spaniards ever want to come visit. "
5,Tue Jun 16 08:32:48 PDT 2009,xspit,#iremember the last sunday 
5,Tue Jun 16 08:32:48 PDT 2009,chellyrae10,is ready to go swimming @ my nans pool...... 
5,Tue Jun 16 08:32:49 PDT 2009,Jdwcowgirl,@EliYoungBand I cant wait! 
5,Tue Jun 16 08:32:49 PDT 2009,rachbeast,"DBriIsbell You don't really, I'm Stephanie's friend from a while back. Honestly I've met you in person like maybe once ever. "
5,Tue Jun 16 08:32:49 PDT 2009,ehibbs,drinking my foldgers and watching the news may chill out by the pool later 
5,Tue Jun 16 08:32:49 PDT 2009,Suzika,"@HollyEgg yes, from that day I am treating my camera as if it is a baby. I hold it and I always think of it first when out and about "
5,Tue Jun 16 08:32:49 PDT 2009,mommyperks,"@Travelwthemagic Good morning, here. Still just 8:30am  Good to see you - great service you offer for FREE over there!!!"
5,Tue Jun 16 08:32:49 PDT 2009,paigechaos,"Oh. Btw, you're a coward.  in other news. Land of the Lost today. Yay! n_n"
5,Tue Jun 16 08:32:49 PDT 2009,MontriaAnderson,@gospelpundit YES!!!! WhOo HoOo!!! 
5,Tue Jun 16 08:32:50 PDT 2009,emma_diane,listening to my new @jonasbrothers cd  one of their best&lt;3 so proud of my boys.
5,Tue Jun 16 08:32:50 PDT 2009,andrewdearling,"Hey tweeps, incase you didn't know... Top Gear is back this Sunday for a 13 show run with gems such as Train vs Bike vs Car. Can't wait  x"
5,Tue Jun 16 08:32:50 PDT 2009,Silv3R8,@deliccate I might watch it at lunch time. 
5,Tue Jun 16 08:32:50 PDT 2009,babydollniki,@ellerysweet Awwh go take a nap my love!! If I could I would shave them for you 
5,Tue Jun 16 08:32:51 PDT 2009,lex_nikolas,"@lindseymshaw we will be united soon shindsssayy i promise  but until then, will you PLEASE start using twitter just a teeeny bit more"
5,Tue Jun 16 08:32:51 PDT 2009,SohCheeYong,circus tour please come to singaporeeee! 
5,Tue Jun 16 08:32:52 PDT 2009,911guiltyjerk,"@thayala if you can't find some stories you could make today the Fallout spoiler show, also I just finished it for my first time  yay me"
5,Tue Jun 16 08:32:52 PDT 2009,photographymom,@sthrnfairytale Any Tips for training Rach?? 
5,Tue Jun 16 08:32:52 PDT 2009,rashidalnoaimi,Treating my body 
5,Tue Jun 16 08:32:52 PDT 2009,SweetTartelette,@ang_w It's been forever since I have had &quot;cuisses de grenouilles&quot;! Love them 
5,Tue Jun 16 08:32:52 PDT 2009,80sbabytj,@MriLoveMyLife yessssssss! The counter has a lot of space! 
5,Tue Jun 16 08:32:52 PDT 2009,sprsaul,"@Bookwink It was hard not to talk about HG, so I can only image!  I can't wait to read it myself this Sept. "
5,Tue Jun 16 08:32:52 PDT 2009,allipalmour3,just ate a bunch of grapes! 
5,Tue Jun 16 08:32:53 PDT 2009,Fornale,@woutervlive http://twitpic.com/7johv - I so love your dog  He/she is so cute
5,Tue Jun 16 08:32:53 PDT 2009,Craig_D,@tweetbomb Yes please  
5,Tue Jun 16 08:32:53 PDT 2009,MarkeyRiley,Day off...good stuff 
5,Tue Jun 16 08:32:54 PDT 2009,sloshyduckling,Various Games On PC Everbody Join  #jtv http://justin.tv/sloshyduckling
5,Tue Jun 16 08:32:54 PDT 2009,BronzeNLeonRdum,B: Going home. 
5,Tue Jun 16 08:34:34 PDT 2009,misserikagee,"@Pinkeee okay, i'm kinda late on a response so goodmorning! hahaha @d (lol) your welcome "
5,Tue Jun 16 08:34:35 PDT 2009,MandeeLeigh1911,"Watching pride and prejudice again &lt;3 then library, eating, and rehearsal "
5,Tue Jun 16 08:34:35 PDT 2009,ilymybff,lol im listen 2 knock you down by keri hilson 
5,Tue Jun 16 08:34:35 PDT 2009,lvcavephoto,Portraits ordered. More http://www.twitpic.com/73gng HOPE cards ordered. CDs burned. Emails sent. I'm hopping on my bike. 
5,Tue Jun 16 08:34:35 PDT 2009,TVMA,TVMA is now on Twitter!! 
5,Tue Jun 16 08:34:35 PDT 2009,veganstephen,@Laurake Glad you're digging it dude! 
5,Tue Jun 16 08:34:35 PDT 2009,Erika12203,"@Britt1125 ahhh duh! welcome finnaly, gettin the hang of it "
5,Tue Jun 16 08:34:36 PDT 2009,DL_Christine,@tiffany_boze  love you!
5,Tue Jun 16 08:34:36 PDT 2009,chrisbrown_023,"@physicshelpme Sorry, you're a day too late. I finished my last physics exam two hours ago, and I'm never touching it again. Ever! "
5,Tue Jun 16 08:34:36 PDT 2009,EmilyatMeritain,@alwaysfurst See you there 
5,Tue Jun 16 08:34:36 PDT 2009,DavidDMuir,I love that Ryan just admitted he chose the music he liked for pupil projects so he could rock out while they worked.  No Rush though!
5,Tue Jun 16 08:34:36 PDT 2009,bibiminto,Umpf. Still 2 weeks left till holidays. &lt;3 Going to fly to Vietnam.  Yay.
5,Tue Jun 16 08:34:36 PDT 2009,authenticstyle,"Today: BE one who CREATES Happiness  ... Share your love, your smile, &amp; your kindness!!"
5,Tue Jun 16 08:34:36 PDT 2009,annaasaywhat,@LitezCameraAct yupp haha  we need to meet um 
5,Tue Jun 16 08:34:36 PDT 2009,KHarrington87,Off to work... but thanks to Wendy I'm done early today! Maybe an afternoon run in the sunshine 
5,Tue Jun 16 08:34:37 PDT 2009,cecilioooo,"gara2 mau bikin bunga, laptop gw mati. pettth. udh minta istirahat doi, g usahlah brkebun mlm2. tomorrow, coraline! night night everybody "
5,Tue Jun 16 08:34:38 PDT 2009,ssemilyss,Turns out the ppl in Aspen r totes in the know re veganism cuz they see so many vegan tourists. I won't have any trouble while I'm there 
5,Tue Jun 16 08:34:38 PDT 2009,virtuosoencore,@miss_magenta  Congratulations. 
5,Tue Jun 16 08:34:38 PDT 2009,Say2010,23 days-Sugarland Concert. 48 days-Sugarland's Live CD. 66 days-Kenny Chesney Concert. 107 days-Taylor Swift Concert. 
5,Tue Jun 16 08:34:39 PDT 2009,espr3ss0,http://bit.ly/r37oH  hilarious must watch ! 
5,Tue Jun 16 08:34:39 PDT 2009,PDXfoodcarts,"@goodbye_ohio Stark and 183rd, that is like almost to Idaho.   that area does have great Mexican fare, I agree."
5,Tue Jun 16 08:34:39 PDT 2009,Marthalanefox,@helenmilner THAT was neat wasnt it! i had a sneak preview - you deserve a whole chapter 
5,Tue Jun 16 08:34:40 PDT 2009,xLisaaLollipop,http://xlisaatown.myminicity.com/  &lt;3 Now I'm tha bomb 
5,Tue Jun 16 08:34:40 PDT 2009,thenewpsies,"@shelovesshoes hehehe don't keep up with new books, just seee &amp; buy soo yes thank you darling.. still on for friday then? "
5,Tue Jun 16 08:34:40 PDT 2009,mattamj,"currently going to 'the cave' then Stephs? Work, then C-bus.  Fun ahead!"
5,Tue Jun 16 08:34:40 PDT 2009,gavin714,"packing and getting ready to go to wichita falls! pretty pumped for some koozies, beer, and pool time "
5,Tue Jun 16 08:34:41 PDT 2009,Mrs_NickJ07,Going to listen to LVaTT to calm myself.. 
5,Tue Jun 16 08:34:41 PDT 2009,sytheveenje,"#computerarts Nice, people who don't know can just copy it ;)  Great contest! Pick me!"
5,Tue Jun 16 08:34:41 PDT 2009,faceman101,@damoeldiablo PM myself and Doozie your email address dude.  
5,Tue Jun 16 08:34:42 PDT 2009,ctycty,bye twitter . restin' time ! nite 
5,Tue Jun 16 08:34:42 PDT 2009,ERrOrR,screw you NZ!!  especialy middle finger credit to daniel vitory!....lol Sri lanka thru to the semis...buahahhha... 
5,Tue Jun 16 08:34:42 PDT 2009,MSB7,@NatiKuhnNews Happy bday! 
5,Tue Jun 16 08:34:42 PDT 2009,CATTSKI,@edemayne yes! the 3rd. want a copy? 
5,Tue Jun 16 08:34:42 PDT 2009,Killer_Burrito,Okay so the plan is to go to hot topic and buy all the harry potter stuff I can! 
5,Tue Jun 16 08:34:42 PDT 2009,tigertuft,"#digitalbritain on page 11 and bored already......mind you, nothing can hold my attention these days!!!! "
5,Tue Jun 16 08:34:42 PDT 2009,Foolishoverlord,"@shwood loved the cameo, made me chuckle! along with your SXSW talk over the past couple of shows "
5,Tue Jun 16 08:34:42 PDT 2009,stephgramling,Headed 2 Islands of Adventure...it is SO hot!!! Can't wait 2 ride Spiderman  I love that ride!
5,Tue Jun 16 08:34:44 PDT 2009,miss_extreme,WE GET TO KEEP OUR HOUSE! 
5,Tue Jun 16 08:34:44 PDT 2009,lovelymskk,@LyssaBrooke  really?  i think i'm getting the hang
5,Tue Jun 16 08:34:44 PDT 2009,brimil,"@jerseyshorejen haha I know that's why I said I like Comcast so much, because of their Twitter crew "
5,Tue Jun 16 08:34:44 PDT 2009,katiehogan,goood morning. biking to hanna's for breakfast 
5,Tue Jun 16 08:34:44 PDT 2009,Aksland,"Haugesund airport, waiting for the Oslo plane. Ndc09 next "
5,Tue Jun 16 08:34:45 PDT 2009,TheStarr,Why Would I Go Hard When This Sh*t Is So Easy??!! - Nicki Minaj 
5,Tue Jun 16 08:34:46 PDT 2009,shynquietshadow,enjoyinglake tahoe w/my redhead 
5,Tue Jun 16 08:34:46 PDT 2009,camdana_cole,"To Whoever Invented Philly Cheese Steaks, I Thank You, And Right Now So Does My Tummy.   "
5,Tue Jun 16 08:34:46 PDT 2009,Tweetie_bbe,GUNA LISTEN 2 MUCH BETTER NEXT C WHAT JOE HAS 2 HIDE 
5,Tue Jun 16 08:34:46 PDT 2009,COOLIEOBOJULIEO,"is going tanning hopfully get a lil more darker...  love yas, c ya xoxo"
5,Tue Jun 16 08:34:46 PDT 2009,jacodenn,@_Deeders_ I hope it all goes well for you at the Dr. today 
5,Tue Jun 16 08:34:46 PDT 2009,astroross,"@DailyStatsmobi it was an amazing race and the more I think about it the more I want to try it again, I'm sure I can do better "
5,Tue Jun 16 08:34:46 PDT 2009,1LisAnne,@AmyLynne18 I love you.. can't wait for this weekend 
5,Tue Jun 16 08:34:46 PDT 2009,captainboo,@evienyc What are truancy laws like in the US? I do hope those four biches get in trouble 
5,Tue Jun 16 08:34:47 PDT 2009,MKeithHarris,@denniswords good times indeed 
5,Tue Jun 16 08:34:47 PDT 2009,Diana54x,I had a good work out day today 
5,Tue Jun 16 08:34:47 PDT 2009,MsMaria22,just got off work! i'm exhausted.... worked real hard today. JK LMAO. i only worked 3 hrs. 
5,Tue Jun 16 08:34:47 PDT 2009,MissKillaD,@ErinSennett l0l isn't it the best! I swear I've seen every episode 
5,Tue Jun 16 08:34:48 PDT 2009,sleonowendc,"@aplusk erm, sorry to burst your bubble but soccer has also ended. unless u wanna watch e world cup qualifying. haha "
5,Tue Jun 16 08:34:48 PDT 2009,Natalie_1990,@neildouglass i cant wait for born to run 
5,Tue Jun 16 08:34:48 PDT 2009,rach3lizabeth,Good morning everyone. 
5,Tue Jun 16 08:34:48 PDT 2009,brettnoe,"@Murdoc569 Production meeting tonight. Trying to do the fundraiser to get money to do it. By the way, worked on the music dept vid yet? "
5,Tue Jun 16 08:34:48 PDT 2009,SraboniMonir,@SkinnyJeansNYC come run to Bklyn 
5,Tue Jun 16 08:34:48 PDT 2009,KrisCaroline,Dintist today! My teeth are excited lol ... HOME ALONE for a week!! and im startin it off with my Fantastic 5 tonight! Were havin a date 
5,Tue Jun 16 08:34:48 PDT 2009,crazy_moon,@MeguMiya Thank you 
5,Tue Jun 16 08:34:49 PDT 2009,Runwithsissorz,@ijustine hey 
5,Tue Jun 16 08:34:49 PDT 2009,hgreilly,@Chucky666 You have to make sure you come though  lol
5,Tue Jun 16 08:34:49 PDT 2009,MegAustinRadio,Totally pumped for the 2009 CMT Music Awards... you better watch AND take notes.... there will be a quiz 
5,Tue Jun 16 08:34:50 PDT 2009,Shash,@linksforluv  you betcha!! 
5,Tue Jun 16 08:34:50 PDT 2009,Kaytze,so fun catching up... 
5,Tue Jun 16 08:34:50 PDT 2009,Megann_x,watching fhe film Jack love this film. 
5,Tue Jun 16 08:34:50 PDT 2009,elorg,http://twitpic.com/7josl - This is so addictive... http://tr.im/oFYO  Check it out!
5,Tue Jun 16 08:34:50 PDT 2009,josefdielle,A Walk To Remember- Super Junior. Probably the BEST fanmade video I've seen so far. 
5,Tue Jun 16 08:34:50 PDT 2009,jhvee,@zia_lim  you just made my day  zia   miss you na
5,Tue Jun 16 08:34:51 PDT 2009,annaasaywhat,http://bln.kr/T1/ good song (Y) 
5,Tue Jun 16 08:34:51 PDT 2009,WAmarriage,Seattle PRIDE will be June 28th at 11am.  Come out and support your community! March with the marriage equality contingent! 
5,Tue Jun 16 08:34:51 PDT 2009,pomacious,"@bucketofsunshyn another majestic place. this one is in java, indonesia. google it, and look at the photo. "
5,Tue Jun 16 08:34:51 PDT 2009,11chiqa11,@The_Real_Tevin ei how u doin today? 
5,Tue Jun 16 08:34:51 PDT 2009,o0omunkieo0o,"@KlownDogg haha, well we do sound amazing...  i actually love my accent. #blockHH"
5,Tue Jun 16 08:34:52 PDT 2009,brendanguyen,"Goodmorning tweethearts! Besides Covina High School's graduation tonight, give me plans for the day/night! Today's my last day @ school! "
5,Tue Jun 16 08:34:53 PDT 2009,asandroq,"@bastos No, I just love this! "
5,Tue Jun 16 08:34:53 PDT 2009,megsmegss,@Jonasbrothers best lyrics on the album= i start to freak and scream so loud just like the females in the crowd 
5,Tue Jun 16 08:34:53 PDT 2009,shhshuskies32,Im in history watching remember the titans and painting my nails while listening to the new jonas brothers cd that came out this morning 
5,Tue Jun 16 08:34:54 PDT 2009,Sahasta,@TJ_Black Dude u r a great artist any way i hope you come to turkey i would realy like to watch your concert it would be awsome 
5,Tue Jun 16 08:34:54 PDT 2009,rohinkallat,@FrancyneWalker You go Francyne! 
5,Tue Jun 16 08:34:54 PDT 2009,MollyTinks,your lips my ass they should meet 
5,Tue Jun 16 08:34:54 PDT 2009,abhutchison,@caseyreinert I didn't realize you had a shop!  Really cute stuff.  
5,Tue Jun 16 08:34:55 PDT 2009,kateharrison,@grnweddingshoes thank so much!! 
5,Tue Jun 16 08:34:55 PDT 2009,kimberlyramos,you know what guys... dont charge him for the crime i guess... hahaha love the jb cd 
5,Tue Jun 16 08:34:55 PDT 2009,carlotorniai,As reported by @jedwhite there are definitely more PCs than Macs I noted that the majority of people with PC are using mouse  #semtech2009
5,Tue Jun 16 08:34:56 PDT 2009,fatandsassyy,"; Busy day  with jarred, then band practice. [rip dustin white.]"
5,Tue Jun 16 08:34:56 PDT 2009,sarasmile13,"@gone2dmb I just blocked a horny/hottie. so Gross, honest to God there are some serious pigs out there. No offense to ur cutie Stacy.  Lol"
5,Tue Jun 16 08:34:56 PDT 2009,idrake76,@cherub_rock123 ehh....it's a day. 
5,Tue Jun 16 08:34:56 PDT 2009,JanetEatWorld1,Haha yess making maria get a twitter 
5,Tue Jun 16 08:34:56 PDT 2009,maeubhminor,woooo elliot minor in 8 days!!! and i got my EM hoodie today!!! i'm tired and sick so it was a good....&quot;cheer myself up  &quot; thing 
5,Tue Jun 16 08:34:58 PDT 2009,friskygeek,"@SanctumInc right-click, Repost. "
5,Tue Jun 16 08:36:37 PDT 2009,starxlr8,"@mrschicken why yes, yes I am "
5,Tue Jun 16 08:36:37 PDT 2009,ameliorator,@maximumswearing yes  But a great mind escape!
5,Tue Jun 16 08:36:38 PDT 2009,jordanpaige,It has been storming all day . . . I love it  . Coming home tomorrow . Time to pack
5,Tue Jun 16 08:36:38 PDT 2009,johnynek,"@logangator We'll figure something out.  I just have to be to MCO by 4am Thu.   So, either I bug you at 1am at your house, or see you Wed."
5,Tue Jun 16 08:36:38 PDT 2009,mlvlatina,@asimkovsky thanks for the info 
5,Tue Jun 16 08:36:39 PDT 2009,bigenya,@gschan @malditamd @daydreamerping @ragdollgonewild @tarayqueen @manilenya Thank you  I owe you my sanity tonight.
5,Tue Jun 16 08:36:39 PDT 2009,jwillie,"#commtell09 Patty Perkins, VP Desktop Video Manager of Wachovia is up next- I understand many #SharePoint opps are  happening there "
5,Tue Jun 16 08:36:39 PDT 2009,handriani,to be with you 
5,Tue Jun 16 08:36:39 PDT 2009,colbows,@GreenBaby_UK please follow so i can DM for the giveaway! 
5,Tue Jun 16 08:36:39 PDT 2009,taliabatalia,"@v2black oh okay, well I did know the first band you mentioned by name, but other than that  don't know what they sound like "
5,Tue Jun 16 08:36:39 PDT 2009,JohnThornton,@BenABaker Probably a player signing.  Maybe one of the rookies.  I can see it from my office 
5,Tue Jun 16 08:36:40 PDT 2009,dancingcutie545,I am planning with friends to go to the mall! Hope we can do it. &lt;3 
5,Tue Jun 16 08:36:40 PDT 2009,saraeden,@lilkup it's a relief. Conflict exhausts me 
5,Tue Jun 16 08:36:40 PDT 2009,Lilddd,@YouLuvMe sure............. bighead 
5,Tue Jun 16 08:36:40 PDT 2009,ODonnell1888,twitter virginity broken 
5,Tue Jun 16 08:36:40 PDT 2009,kileyjean,job interview...here we go. 
5,Tue Jun 16 08:36:41 PDT 2009,white_thief,Back on the job with some coffee thanks to @chimolschimols 
5,Tue Jun 16 08:36:41 PDT 2009,HildeM_EN,@Piewacket1 good   sometimes a shot attention span could be good tho ;P  don't you agree   letting bright light flow over pie and self
5,Tue Jun 16 08:36:41 PDT 2009,siierra86,new tatoo  love you megggiiiee
5,Tue Jun 16 08:36:41 PDT 2009,velzz,guilty pleasure - yikes  i wish i could afford this shiz http://tinyurl.com/kqztg5
5,Tue Jun 16 08:36:42 PDT 2009,slimgoodies,@hillsmarket Sweet.  Thanks for posting that.  And for letting us know 
5,Tue Jun 16 08:36:42 PDT 2009,james_bertram,"@tonyhawk Yess! Good choice of laptop there, typing on a replica myself "
5,Tue Jun 16 08:36:42 PDT 2009,kat_ap,lol. i just realized my room has a color theme. green is definitely growing in on me. go green! hahaha. i still love purple though! 
5,Tue Jun 16 08:36:42 PDT 2009,JadoreConcierge,"Good morning Chicago, I love this city! "
5,Tue Jun 16 08:36:42 PDT 2009,crside,@dfinchalicious  It ends up like that when good and bad collide 
5,Tue Jun 16 08:36:42 PDT 2009,topowell,"@ost8doc no, I am photographing them!! "
5,Tue Jun 16 08:36:43 PDT 2009,Multicoloured,@NickkkJonasss I like Poison Ivy the best 
5,Tue Jun 16 08:36:43 PDT 2009,ExBP_Buddhist,"@David_Wylie  You could have been born as an Emporer Penguin. Minus 200, carrying your kids on your feet. no food, water...Quit whining "
5,Tue Jun 16 08:36:43 PDT 2009,sfgiantsgirl,@extrabaggs on @KNBR right now!! Yay!! I LOVE reading his blog  I wish I knew what he looked like so I could say hi to him at the park lol
5,Tue Jun 16 08:36:43 PDT 2009,beyoncatweets,"Srsly now, I'm heading to my bed now. Goodnight Twitterverse! "
5,Tue Jun 16 08:36:43 PDT 2009,DinahLady,10.40 start and 12.30 finish tomorrow! yesssss. &lt;3 college  x
5,Tue Jun 16 08:36:44 PDT 2009,annamadeleine,@alexandervelky that's polite version - i only heard &quot;look much better on my bedroom floor&quot; how nice that you would hang it up for her 
5,Tue Jun 16 08:36:43 PDT 2009,dojaclik,@spindeezy for now on ur Queen Spindeezy 
5,Tue Jun 16 08:36:44 PDT 2009,brownbeansprout,"@DrWestGRACE yet, why can't I feel sorry for you?  LOL.  Seriously tho, safe travels "
5,Tue Jun 16 08:36:44 PDT 2009,rach_gal,"new to the twitta, someone help. "
5,Tue Jun 16 08:36:44 PDT 2009,Bellaleyla,"@Sky_1995 sorryyy. i gotta go now, my mom want to go to this computer. i'll talk to u some other time "
5,Tue Jun 16 08:36:44 PDT 2009,bdottie,What a pretty day  &quot;Just smile&quot;
5,Tue Jun 16 08:36:44 PDT 2009,josephranseth,Good morning everyone! I hope you take some time to be outside &amp; soak in the beautiful morning before starting work. 
5,Tue Jun 16 08:36:44 PDT 2009,_Jackielynn_,"just woke up, might watch a chick flick later. lol "
5,Tue Jun 16 08:36:44 PDT 2009,islandchic,@minglebar thanks for checking on it 
5,Tue Jun 16 08:36:45 PDT 2009,mellieweena,"@mkvlln Mr president, your tweets get cut off, i cant read everything. send it in an email? thanks love. "
5,Tue Jun 16 08:36:46 PDT 2009,diegoBraganca,@CatyFairy revolta follower hj? 
5,Tue Jun 16 08:36:46 PDT 2009,ericDJ,@borededup no job actually.  but there have been plenty of odd jobs to get me by so far. i'll be your screen cleaning intern. 
5,Tue Jun 16 08:36:46 PDT 2009,omgitsafox,@Common_Pigeon You're quite welcome. 
5,Tue Jun 16 08:36:46 PDT 2009,ACMCLEMORE,What has happened to the world...I'm actually doing chores and nobody told me to do them!!!  so proud! Lol
5,Tue Jun 16 08:36:46 PDT 2009,fosking,want FREE Apple products? iPhone 3G S macbook pro air iPod touch nano imac? click here! http://apple.freebiejeebies.co.uk/45615 
5,Tue Jun 16 08:36:46 PDT 2009,jenniehager,"sick, sick, sick today, but still fingers crossed for eBay job! Send good thoughts "
5,Tue Jun 16 08:36:46 PDT 2009,YessicaCarcamo,Getting ready to go out   I have to go to mac to buy brushes
5,Tue Jun 16 08:36:47 PDT 2009,afarley08,loves visitors so if you are goin to the Aerosmith concert you should hit me up!! 
5,Tue Jun 16 08:36:47 PDT 2009,Jay_Cousins,"Nice out, but If I am going to leave here at 6am for a hike, I probably should at some point, pack for tomorrow! "
5,Tue Jun 16 08:36:47 PDT 2009,laughingstars,@WillaRyan At least trees are being spared. 
5,Tue Jun 16 08:36:47 PDT 2009,mattownsyoface,i'm following 69 people. ;D how many people are YOU following? 
5,Tue Jun 16 08:36:48 PDT 2009,CintiaXimena,taking a twit break...a lil blown about my boss...but i still have a job!  God is good
5,Tue Jun 16 08:36:48 PDT 2009,JuicyLA,http://twitpic.com/7joyo - this is how i feel today  Just a little imagery for everyone! lol
5,Tue Jun 16 08:36:49 PDT 2009,Laurendaly,"has a day long date with God today, no phones allowed.  the world can rage tomorrow; but today, i am safe."
5,Tue Jun 16 08:36:49 PDT 2009,appliedlesson,"@ritasummerstar that too.  Apparently, they are out there - but in hiding I suspect  "
5,Tue Jun 16 08:36:49 PDT 2009,angelxwarrior,"@kazzc22 no probs kazz hun,i think theres a new one going on now celebrity twitterer or summat? lol dunno?i just voted misha anyways "
5,Tue Jun 16 08:36:49 PDT 2009,PonteStudios,@AlanHChin Thanks Alan! I need all the fundraising support I can get for my documentary - plus the shirts are cool too 
5,Tue Jun 16 08:36:49 PDT 2009,JDenouden,@NLPride08 that's a perfectly reasonable time of day for me 
5,Tue Jun 16 08:36:50 PDT 2009,matilou,@6FuzzyFeet  hi ! thanks for the follow 
5,Tue Jun 16 08:36:50 PDT 2009,juiceboxkiller,Going to tampa saturday 
5,Tue Jun 16 08:36:50 PDT 2009,BlckPorcelain,I've watched spongebob now I'm going 2 find a gr8 coffee spot! This didn't even feel like a public holiday 
5,Tue Jun 16 08:36:50 PDT 2009,kevinmyriad,I'm gonna go take a shower and turn in the last paper i have to deal with 
5,Tue Jun 16 08:36:51 PDT 2009,Shizzy_,@heich_dee Hahaha. Cannot luh. I'll feel bad coz he's got to work. So we talk when we can. Guess thats enough  hahaha
5,Tue Jun 16 08:36:51 PDT 2009,vickeya2009,@obatron Try your Google Calendar. It's got tasks now. 
5,Tue Jun 16 08:36:51 PDT 2009,nirvannah,@carahsollins Good Morning Lady 
5,Tue Jun 16 08:36:51 PDT 2009,AnnieR,"@ddribin Saw that &amp; approved, re: bike. After years of being exceedingly bike UNfriendly, we are a' changin'! "
5,Tue Jun 16 08:36:51 PDT 2009,marialugo,"If you're lucky enough to be different from everybody else, dont change "
5,Tue Jun 16 08:36:51 PDT 2009,UrBaN_eLySsE,@FoSho174 LMAO @ capture the flag..bless their lil playing hearts  and i bet it is hott as heck..ain't it always
5,Tue Jun 16 08:36:51 PDT 2009,eruntalo,"@cineMATTic happy birthday, sir "
5,Tue Jun 16 08:36:52 PDT 2009,heidioftheopera,I haz a big piece of carrot cake to take home! 
5,Tue Jun 16 08:36:52 PDT 2009,MichiTheReal,@ashleytisdale hih good morning  in austria its 17:36 hihi
5,Tue Jun 16 08:36:52 PDT 2009,Madril,@BrunoFigueiredo @ppinheiro76 @pedrocs Top Gear returns on Sunday btw 
5,Tue Jun 16 08:36:52 PDT 2009,FerroGate,@netscribe Thanks for considering Issuu 
5,Tue Jun 16 08:36:52 PDT 2009,josie_barnes,@Bruno108 I would like some please! 
5,Tue Jun 16 08:36:53 PDT 2009,lilmisssnarky,@aplusk ya got something against Baseball?? 
5,Tue Jun 16 08:36:53 PDT 2009,shellyboo27,No more drives. =D license in a moth 
5,Tue Jun 16 08:36:53 PDT 2009,KortneyLane,"First day off in over a week... Thought i'd sleep in 4 once, but NO! my body wouldn't let me sleep past 8am  ugh!"
5,Tue Jun 16 08:36:53 PDT 2009,tarahunt913,"Relaxin till workout time with Mama this afternoon. Goal- to run a 5k by end of summer in memory of Greg. I think I can, I think I can. "
5,Tue Jun 16 08:36:54 PDT 2009,BeckandHersey,http://twitpic.com/7joyw - bring on summer 
5,Tue Jun 16 08:36:54 PDT 2009,RaniJoy,busy day at work!  So happy the Burkharts are in Houston!  I can't wait to see their beautiful home! 
5,Tue Jun 16 08:36:55 PDT 2009,LordVanir,@LadyVanir LOL no you didn't break it. 
5,Tue Jun 16 08:36:55 PDT 2009,Tarod,Then  we head out again Denmark here we come 
5,Tue Jun 16 08:36:55 PDT 2009,twilhelmsen,@kbgerth Well it's still Tuesday so no worries   I've made my TWD on Tuesday more times than I can tell you!
5,Tue Jun 16 08:36:55 PDT 2009,krazikiddx09,Getting ready to have a picnic in the park w/ muh partner in crime and bestie! Oh! Press ctrl+t and then ctrl+f on itunes for a surprise! 
5,Tue Jun 16 08:36:56 PDT 2009,Anomarm,I see the light at the end of the tunnel!  It's so bright   Woo fricken hoo!
5,Tue Jun 16 08:36:56 PDT 2009,chloooebartz,"going to south streeeet with kate, hopefully my mom gets me the ring i wantt! "
5,Tue Jun 16 08:36:56 PDT 2009,Arr0wsmith,"@Jihav actually my other PSN ID is GUNSnSPEEDO O_o and oh, your welcome "
5,Tue Jun 16 08:36:57 PDT 2009,scottkoegler,@PaulMiller Do that! I appreciate the calories I'll be missing 
5,Tue Jun 16 08:36:57 PDT 2009,LianeGentrySkye,@SouthMainMuse Perfectly normal.  Thinking someday technology and social networks will all be hardwired to our brains.
5,Tue Jun 16 08:36:57 PDT 2009,Lena_Bjorna,@BizReviewer thanks so much for that acknowledgement...what is your name? 
5,Tue Jun 16 08:36:57 PDT 2009,bertseow,@ahamachi @eggirock drinking water trick totally worked guys... Didn't cry once 
5,Tue Jun 16 08:36:57 PDT 2009,JenAvila,@unworthysaint Are you having fun? 
5,Tue Jun 16 08:36:57 PDT 2009,helloKATRINA,Beach then universal studios! Yeeeeeeman! 
5,Tue Jun 16 08:36:58 PDT 2009,anant25121986,"#haveyouever been alone at night, thought you heard footsteps behind and no one's there?? Fear of the Dark by Iron Maiden "
5,Tue Jun 16 08:38:37 PDT 2009,marshymiffy,Loved the USA hockey team 
5,Tue Jun 16 08:38:37 PDT 2009,johnwelshphd,"@cris1015 My goal on stocks like $MTXX is to help, if just one person avoided this stock on my post, would make the keystrokes worth it.  "
5,Tue Jun 16 08:38:38 PDT 2009,RockComplacency,@wolfpack40 That's what I'm thinking! Knock her out of the water... very satisfying...  
5,Tue Jun 16 08:38:38 PDT 2009,xxiolla1,@Jchawes yeah what about remotes for your car ? I couldn't find mine and didn't know how I was gonna get in my car.with your keys dumbass 
5,Tue Jun 16 08:38:38 PDT 2009,Ten_Tenths,"Post your Le Mans 2009 pics: .. I didn't really shoot much, it's a bit like Silverstone isn't it?  But here ar.. http://tinyurl.com/nju67t"
5,Tue Jun 16 08:38:38 PDT 2009,say_my_name_too,@say_my_name TRAITOR!!!! love you 
5,Tue Jun 16 08:38:38 PDT 2009,CaraIsaac,"@SarahG8s lol i wasnt on about the burns lol i was on about sumone  i know just seen. goin off twitter now gonna talk to sophie,talk later"
5,Tue Jun 16 08:38:39 PDT 2009,Gregor_Boyd,been playing big surf island and i've unlocked 5 trophies already hah 
5,Tue Jun 16 08:38:39 PDT 2009,themunny,@gabespears morning 
5,Tue Jun 16 08:38:39 PDT 2009,xDevikax,I really dont get why Jaylor split . Oh well her and Lucas Till suit !  x
5,Tue Jun 16 08:38:39 PDT 2009,drjan,my cluster is back and I'm a happy man 
5,Tue Jun 16 08:38:39 PDT 2009,itsjustsuzieq,is excited for the day 
5,Tue Jun 16 08:38:40 PDT 2009,spiderylue,Oh my god. Cookie dough frijj. I just spaffed in my pants  so much joy for Â£1.05.
5,Tue Jun 16 08:38:40 PDT 2009,happykatie,"@ShannonGilliam good luck!!  what an exciting day   this is when the REAL fun begins, you're going to love being a mommy   xo"
5,Tue Jun 16 08:38:40 PDT 2009,ohwhoa_svea,got our yearbooks in school  gonna try and get everyone to sing them... wish me luck
5,Tue Jun 16 08:38:41 PDT 2009,BeBo_Evilbunny,@PJA4ever Back.. 
5,Tue Jun 16 08:38:41 PDT 2009,herreramarisa,@drummeroy nice new name  how you holding up?
5,Tue Jun 16 08:38:41 PDT 2009,MzGr33n4ppL3,Hello good morning!  i wanna do something today.
5,Tue Jun 16 08:38:41 PDT 2009,rockchick_30,@30STMWithJared love your tattoo! 
5,Tue Jun 16 08:38:41 PDT 2009,Belga777,MTO bom esse empire of sports...o futebol eh um pouco dificil pq usa o mouse mas eh bem divertido e online 
5,Tue Jun 16 08:38:42 PDT 2009,arikabu,@planetchuckie haha! i wonder why i made her my pic... hmm.. will change it soon 
5,Tue Jun 16 08:38:42 PDT 2009,bendotorg,Largest/fastest hotspot in U.S.A. is located in Atlanta. Suck it people outside the ATL  JK...no idea how to use it! http://bit.ly/eDjz7
5,Tue Jun 16 08:38:42 PDT 2009,followtweety,I just switched back to Opera (using the moi skin). It's really fast &amp; stable to work with - I'm loving it  http://www.opera.com/download/
5,Tue Jun 16 08:38:42 PDT 2009,misscaroline16,scrubbed into surgery today 
5,Tue Jun 16 08:38:43 PDT 2009,Kromm,"Bloody knackered! And still got two hours to go. Still, last shift tomorrow then a whole week off "
5,Tue Jun 16 08:38:43 PDT 2009,izzybizzy113,@McflyEngland haha yeah  but of course i love McFly more  lol
5,Tue Jun 16 08:38:43 PDT 2009,helenblenkinsop,**** yeah!! I got the local Clinical Psychologist job!! 
5,Tue Jun 16 08:38:43 PDT 2009,Marianne_P,wants the @Jonasbrothers album 
5,Tue Jun 16 08:38:44 PDT 2009,taylorbeckett,Wow 8:40 am is pretty early for me to wake up. Lol. 
5,Tue Jun 16 08:38:44 PDT 2009,MandyStocker,dropping molly off getting ice cream with Aaron I want him to meet Manda  spending the night with Meredith and Lauren I missed them dearly
5,Tue Jun 16 08:38:45 PDT 2009,tkosofsky,@mom2jwo Woo hoo!!!! Keep working hard my dear!! 
5,Tue Jun 16 08:38:45 PDT 2009,wonder_nat,@AndrewDearling *yawns* 
5,Tue Jun 16 08:38:45 PDT 2009,emma_b_xox,Had an injection today. Not fun  the rrst of the school day has been good. Tonight i am going dancing yey 
5,Tue Jun 16 08:38:45 PDT 2009,walkinlooove,ahhh yay! found my missing sunglasses while cleaning my office!! so happy. 
5,Tue Jun 16 08:38:45 PDT 2009,Bloodl3tt3r,Lmao @seizuresalad that was cute and awesome  hahahahahahahahahahahahahaha!!!!!!!!!!!!!!!!!!!!!!!!!!!!!!!!!! â« http://blip.fm/~8bmo7
5,Tue Jun 16 08:38:45 PDT 2009,tly23452,Processing another credit application!  More hours to bill! 
5,Tue Jun 16 08:38:45 PDT 2009,Essence05,"@ohsosweettreats Omg, I loveeeee frosted flakes with bananas on top. I didn't know anybody else knew about that... "
5,Tue Jun 16 08:38:46 PDT 2009,Emm94,Is back from getting the new jonas brothers cd!!!  on to my iPod it goes!!
5,Tue Jun 16 08:38:46 PDT 2009,eratyptin,"@siahoney I am good thanks!    How is #Eric, I haven't heard anything in awhile, have u visited him recently?  I hope he is feeling better"
5,Tue Jun 16 08:38:46 PDT 2009,LarryEisner,"@varin I'm praying for you!!!  Hang in there, and trust your docs.  They know what's best, even if they don't act nicely. "
5,Tue Jun 16 08:38:47 PDT 2009,ajenne,OMG!!!!!!!!!! My dad will be having surgery today  Please keep him in your prayers 
5,Tue Jun 16 08:38:47 PDT 2009,jaycemiguel,"@MsKCJones Yeah it's very irritating, right? But with God on your side, you cant fail. "
5,Tue Jun 16 08:38:47 PDT 2009,sarasmile13,@gone2dmb agreed!  Soulful eyes.  
5,Tue Jun 16 08:38:47 PDT 2009,martybaltiero,is now a dsc student.  http://twitpic.com/7jp4d
5,Tue Jun 16 08:38:47 PDT 2009,lindsaycherry,@cate45_1999 I love all the pics!! 
5,Tue Jun 16 08:38:48 PDT 2009,eyesandwings,@ShanButterfly a star bowl (she loves stars) filled with dark chocolate. there's also a card. 
5,Tue Jun 16 08:38:49 PDT 2009,kcnitt,"oh yes, and btw, 8.00 "
5,Tue Jun 16 08:38:49 PDT 2009,Sirley,@chriscuzzy someone wanted a &quot;Cuzzy&quot; memorabilia 
5,Tue Jun 16 08:38:46 PDT 2009,nrgins,"@CharlotteSpeaks So, wasn't that funny re. the doggie?.... "
5,Tue Jun 16 08:38:49 PDT 2009,jamie_ox,doing another piece of media homework is that all i get now :/ milkshake diet starts today woop woop 
5,Tue Jun 16 08:38:50 PDT 2009,xSandraaaaaa,finding out what this is. 
5,Tue Jun 16 08:38:50 PDT 2009,andir00,"OMG how good is ben and jerrys cookie dough icecream...come one really well goood lol, justwaitin to have a BBQ hope its stays like this "
5,Tue Jun 16 08:38:51 PDT 2009,stephyway,oooo haha just waking up and ready to eat a delicious breakfast and prepared to go in the afternoon to watch a movie 
5,Tue Jun 16 08:38:51 PDT 2009,IsabellesTravel,#Traveltuesday @GuyNGirlTravels Because their tweets are hilarious LOL and they're great travelers 
5,Tue Jun 16 08:38:51 PDT 2009,ChelseaLately_,any ideaZ on what to get dad for father's day ? No socks tho 
5,Tue Jun 16 08:38:51 PDT 2009,charitojoy,God works mysteriously!i learn that if u think of the world wonderfully you will receive more &amp; get what u ask for 
5,Tue Jun 16 08:38:51 PDT 2009,twisted4ddub,@_CrC_ mornin.. I'm enjoying a beautiful morning here in Phoenix. not too bad out yet 
5,Tue Jun 16 08:38:51 PDT 2009,tattoodancer35,Woke up feeling rested and refreshed today! It's about time 
5,Tue Jun 16 08:38:51 PDT 2009,Pixgremlin,@naijagal You just HAD to throw that in. Tell her that I say thanks for the eye contact at her Brixton gig. managed to get a shot! 
5,Tue Jun 16 08:38:51 PDT 2009,craiglparker,@siovene lol I don't blame you it's not the safest thing in the world 
5,Tue Jun 16 08:38:51 PDT 2009,WParenthetical,"@ashinynewcoin yeah, that'd be the one  sorry to be repetitive!"
5,Tue Jun 16 08:38:52 PDT 2009,FrayBaby,@pokapolas love the donut and the toadstool.  
5,Tue Jun 16 08:38:52 PDT 2009,ogreenthumb,@crgrs359 Skip the aquarium and check out these fish   A lot cheaper lol http://bit.ly/2lQbBv
5,Tue Jun 16 08:38:52 PDT 2009,dacyj,@GroleauNET Yeah I'm being an ass today 
5,Tue Jun 16 08:38:52 PDT 2009,stephmartinez,@OHTristaN it's sunoudy 
5,Tue Jun 16 08:38:53 PDT 2009,heartcures,@kbonded Newsflash: It worked 
5,Tue Jun 16 08:38:53 PDT 2009,milliontwits,"@stum450n Hi. Thanks for the follow. Nice website... check your carriage returns though, the bottom of 'Website &amp; brand identity' is out "
5,Tue Jun 16 08:38:53 PDT 2009,lexi234,got home an hour ago ate lunch watched some tv and now i listening to kelly clarkson no exam tomorrow yay!!!!!!!  3 down 4 to go
5,Tue Jun 16 08:38:54 PDT 2009,paligurl93,checking my mail 
5,Tue Jun 16 08:38:54 PDT 2009,victoriaquinnxo,done la examen! easy peasy  so proud of myself!!
5,Tue Jun 16 08:38:54 PDT 2009,bobzipp,@davepell you're the undisputed authority on the topic.  goog recognizes!  
5,Tue Jun 16 08:38:54 PDT 2009,adbillingsley,Thanks @eastwestchic &amp; @wangyip Thanks! That was just what I was looking for 
5,Tue Jun 16 08:38:54 PDT 2009,gekkko,"@marttn thanks Martin. not the most imaginative interface, but it'll do for now "
5,Tue Jun 16 08:38:54 PDT 2009,millerslab,@MikeJonesPhoto Congrats Mike  Way to go!
5,Tue Jun 16 08:38:55 PDT 2009,luckygeorgeblog,http://twitpic.com/7jp4n - OMG! Office Space... I wanna steal it. 
5,Tue Jun 16 08:38:55 PDT 2009,Kristah_Diggs,"@yrclndstnlvr ahaha nooo you were just away from everyone else! i had to see Kara, she'd die. and yess we aree, ill see you saturday "
5,Tue Jun 16 08:38:55 PDT 2009,CoachChic,"@BizCoachDeb  Hey, I'm baack! And, thanks so much for all those kind notes while I was gone. They made me smile at times when I needed it!"
5,Tue Jun 16 08:38:55 PDT 2009,serianna,"@mattycus Yeah, my conscience would be clear in that case. "
5,Tue Jun 16 08:38:55 PDT 2009,TeamUKskyvixen,@MayorDorisWolfe Thats my girl - dishing out the &quot;advice&quot; 
5,Tue Jun 16 08:38:55 PDT 2009,LaurenMoo10,@shebbs123 i second that 
5,Tue Jun 16 08:38:57 PDT 2009,angel_sammy04,In the garden 
5,Tue Jun 16 08:38:56 PDT 2009,puchal_ek,@myheartandmind jo jen by nemuselo zrovna tÃ© holce ael co nic 
5,Tue Jun 16 08:38:57 PDT 2009,youtubelatest,Another Commenting Contest! [;: Yay!!!  http://tinyurl.com/m6j2an
5,Tue Jun 16 08:38:57 PDT 2009,Mandi_Davenport,"@thrillmesoon i figured out how to see my tweets and facebook status updates, and i was set  the groups seemed like a pain to set up..."
5,Tue Jun 16 08:38:57 PDT 2009,xoAurixo,"@oxhot theri tomorrow, drinking coffee, talking about our most important and favourite issue! YOU know what I mean "
5,Tue Jun 16 08:38:57 PDT 2009,RobFoxKerr,"You heard it here first -- We're having a girl. Hope it has my looks and Wendy's brains. (Kidding, babe). "
5,Tue Jun 16 08:38:58 PDT 2009,LISKFEST,"if ur the lead singer in a band, beware falling prey to LSD &quot;Lead Singer Disease&quot; http://tinyurl.com/n65xjt  #music #haveyouever?"
5,Tue Jun 16 08:38:58 PDT 2009,marhgil,@tarayqueen too much ads on my blog. 
5,Tue Jun 16 08:38:58 PDT 2009,cathriiin,@La_r_a NEVEER  I think that you both will get on well with each other...
5,Tue Jun 16 08:38:59 PDT 2009,tellman,@Roy_Everitt ha- good job. that's right - we gotta throw that #bigrun tag EVERYWHERE! I wanna get it trending before I start 
5,Tue Jun 16 08:38:59 PDT 2009,jazzstixx,@Ms_Hip_Hop im glad ur doing well 
5,Tue Jun 16 08:38:59 PDT 2009,razzberry5594,WOOOOO! Xbox is back 
5,Tue Jun 16 08:38:59 PDT 2009,AgustinaP,@rmedina @LaTati Mmmm  That sounds absolutely perfect... but my schedule is full. I won't have time to lay in bed until Sunday. Ugh!!
5,Tue Jun 16 08:39:00 PDT 2009,sdancingsteph,ReCoVeRiNg FrOm ThE lOnG wEeKeNd 
5,Tue Jun 16 08:39:00 PDT 2009,ChloeAmisha,@SCOOBY_GRITBOYS 
5,Tue Jun 16 08:39:00 PDT 2009,EvolveTom,"@Cliff_Forster Yeah, that does work better than just waiting for it  In the end I just wonder if I have time to keep up a good blog."
5,Tue Jun 16 08:40:49 PDT 2009,AmandaMarie1028,Just woke up. Having no school is the best feeling ever 
5,Tue Jun 16 08:40:49 PDT 2009,TheWDBoards,TheWDB.com - Very cool to hear old Walt interviews!  â« http://blip.fm/~8bmta
5,Tue Jun 16 08:40:49 PDT 2009,bpbabe,Are you ready for your MoJo Makeover? Ask me for details 
5,Tue Jun 16 08:40:49 PDT 2009,tinydiamondz,Happy 38th Birthday to my boo of alll time!!! Tupac Amaru Shakur 
5,Tue Jun 16 08:40:50 PDT 2009,RyanTrevMorris,happy #charitytuesday @theNSPCC @SparksCharity @SpeakingUpH4H 
